{
    "rmse": 0.41656103537733785,
    "mae": 0.36225956017635214,
    "r2": 0.2534834935564422
}